"#","Reference","Qty","Value","Description","Manufacturer","Manufacturer Part Number","Vendor","Vendor_Part_Number","Footprint","Datasheet","DNP"
"1","C1,C8","2","10uF_50V_1210","Unpolarized capacitor, small symbol","Samsung Electro-Mechanics","CL32B106KBJNNNE","Digikey","","Capacitor_SMD:C_1210_3225Metric_Pad1.33x2.70mm_HandSolder","https://mm.digikey.com/Volume0/opasdata/d220001/medias/docus/41/CL32B106KBJNNNE_Spec.pdf",""
"2","C2,C3,C6,C7","4","1uF_50V_0805","Unpolarized capacitor, small symbol","Samsung Electro-Mechanics","CL21B105KBFNNNE","Digikey","","Capacitor_SMD:C_0805_2012Metric_Pad1.18x1.45mm_HandSolder","https://mm.digikey.com/Volume0/opasdata/d220001/medias/docus/609/CL21B105KBFNNNE_Spec.pdf",""
"3","C4,C5","2","0.1uF_50V_0603","Unpolarized capacitor, small symbol","KEMET","C0603C104K5RACTU","Digikey","","Capacitor_SMD:C_0603_1608Metric_Pad1.08x0.95mm_HandSolder","https://www.yageogroup.com/content/datasheet/asset/file/KEM_C1002_X7R_SMD",""
"4","D1","1","MMSZ10T1G","Zener diode","onsemi","MMSZ10T1G","Digikey","","Diode_SMD:D_SOD-123","https://www.onsemi.com/pdf/datasheet/mmsz2v4t1-d.pdf",""
"5","D2,D3","2","LED_R","Light emitting diode","Rohm Semiconductor","SML-D12U1WT86","Digikey","","Diode_SMD:D_0603_1608Metric_Pad1.05x0.95mm_HandSolder","https://www.rohm.com/datasheet?p=SML-D12U1W&dist=Digi-key&media=referral&source=digi-key.com&campaign=Digi-key",""
"6","J1","1","USB4056-03-A_REVA2","USB C 3.2 REC, HORZ, HYBRID PCB","GCT","USB4056-03-A","Digikey","","Pixxel_Connectors:USB4056-03-A","https://gct.co/files/specs/usb4056-spec.pdf",""
"7","J2","1","796638-2","2 Position Terminal Block Header, Male Pins, Shrouded (4 Side) 0.200"" (5.08mm) 90Â°, Right Angle Through Hole","","","","","Pixxel_Connectors:796638-2","",""
"8","Q1","1","IRF9358TRPBF","Infineon IRF9358TRPBF Dual P-channel MOSFET, 9.2 A, 30 V HEXFET, 8-Pin SOIC","Infineon Technologies","IRF9358TRPBF","DigiKey","","Pixxel_MOSFETs:IRF9358TRPBFSOIC127P600X175-8N","https://www.infineon.com/dgdl/Infineon-IRF9358-DataSheet-v01_01-EN.pdf?fileId=5546d462533600a4015356114ffa1da5",""
"9","Q2","1","2N7002","0.115A Id, 60V Vds, N-Channel MOSFET, SOT-23","onsemi","NDS7002A","DigiKey","","Package_TO_SOT_SMD:SOT-23","https://www.onsemi.com/pub/Collateral/NDS7002A-D.PDF",""
"10","Q3","1","BSL308PE","Infineon BSL308PE Dual P-channel MOSFET Transistor, -2 A, -30 V, 6-Pin TSOP","Infineon Technologies","BSL308PEH6327XTSA1","DigiKey","","Pixxel_MOSFETs:BSL308PE-SOT95P250X110-6N","http://uk.rs-online.com/web/p/products/8922172",""
"11","R1,R2,R3,R5,R8,R14","6","5.1k_0.1W_0603","Resistor, small US symbol","YAGEO","RC0603FR-075K1L","DigiKey","","Resistor_SMD:R_0603_1608Metric_Pad0.98x0.95mm_HandSolder","https://www.yageogroup.com/content/datasheet/asset/file/PYU-RC_GROUP_51_ROHS_L",""
"12","R4","1","10k_0.1W_0603","Resistor, small US symbol","YAGEO","RC0603FR-0710KL","DigiKey","","Resistor_SMD:R_0603_1608Metric_Pad0.98x0.95mm_HandSolder","https://www.yageogroup.com/content/datasheet/asset/file/PYU-RC_GROUP_51_ROHS_L",""
"13","R6,R7,R13","3","5.1k_0.1W_0603","Resistor, small US symbol","YAGEO","RC0603FR-075K1L","DigiKey","","Resistor_SMD:R_0603_1608Metric_Pad0.98x0.95mm_HandSolder","https://www.yageogroup.com/content/datasheet/asset/file/PYU-RC_GROUP_51_ROHS_L","DNP"
"14","R9,R15,R17","3","1k_0.1W_0603","Resistor, small US symbol","YAGEO","RC0603FR-071KL","DigiKey","","Resistor_SMD:R_0603_1608Metric_Pad0.98x0.95mm_HandSolder","https://www.yageogroup.com/content/datasheet/asset/file/PYU-RC_GROUP_51_ROHS_L",""
"15","R10,R16,R18","3","49.9k_0.1W_0603","Resistor, small US symbol","YAGEO","RC0603FR-0749K9L","DigiKey","","Resistor_SMD:R_0603_1608Metric_Pad0.98x0.95mm_HandSolder","https://www.yageogroup.com/content/datasheet/asset/file/PYU-RC_GROUP_51_ROHS_L",""
"16","R11","1","5k_0.1W_0603","Resistor, small US symbol","YAGEO","RT0603BRE075KL","DigiKey","","Resistor_SMD:R_0603_1608Metric_Pad0.98x0.95mm_HandSolder","https://www.yageogroup.com/content/datasheet/asset/file/PYU-RC_GROUP_51_ROHS_L",""
"17","R12","1","2.4k_0.1W_0603","Resistor, small US symbol","YAGEO","RC0603JR-072K4L","DigiKey","","Resistor_SMD:R_0603_1608Metric_Pad0.98x0.95mm_HandSolder","https://www.yageogroup.com/content/datasheet/asset/file/PYU-RC_GROUP_51_ROHS_L",""
"18","R19","1","150R_0.1W_0603","Resistor, small US symbol","YAGEO","RC0603FR-07150RL","DigiKey","","Resistor_SMD:R_0603_1608Metric_Pad0.98x0.95mm_HandSolder","https://www.yageogroup.com/content/datasheet/asset/file/PYU-RC_GROUP_51_ROHS_L",""
"19","U1","1","CYPD3177-24LQ","Stand-alone USB PD controller (with sink Auto-run mode), QFN-24","Infineon Technologies","CYPD3177-24LQXQT","Digikey","","Package_DFN_QFN:QFN-24-1EP_4x4mm_P0.5mm_EP2.75x2.75mm","https://www.infineon.com/dgdl/Infineon-EZ-PD_BCR_Datasheet_USB_Type-C_Port_Controller_for_Power_Sinks-DataSheet-v03_00-EN.pdf?fileId=8ac78c8c7d0d8da4017d0ee7ce9d70ad",""
